first name, last name, email, phone
Jon, Richmond, Jon.Richmond@coperation.se, 6206563192
Theresa, Spencer, Theresa.Spence@coperation.se, 3864945183
Xander, Torres, Xander.Torre@att.net, 1393230326
Tristin, Christensen, Tristin.Christense@att.net, 7951654757
Annika, Hicks, Annika.Hick@me.com, 6082916370
Rose, Murray, Rose.Murra@me.se, 1909063016
Nicole, Hudson, Nicole.Hudso@mac.com, 9373377369
Kianna, Anthony, Kianna.Anthon@verizon.net, 4521957829
Lorena, Prince, ninjabears@mystickybutt.com, 9361085493
Roland, Joseph, Roland.Josep@gmail.com, 2275864326
German, Mcclain, German.Mcclai@coperation.com, 4033358283
Anya, Blair, Anya.Blair@coperation.com, 2901601371
Imani, Wu, Imani.Wu@coperation.com, 9655451088
Jaden, Perry, Jaden.Perry@gmail.com, 6715467688
Alannah, Gray, Alannah.Gray@coperation.com, 8330930339
Dylan, Todd, Dylan.Todd@coperation.com, 3341927854
Logan, Lara, Logan.Lara@coperation.com, 9729556532
Jean, Rangel, pizza@yahoo.ca, 5833272779
Alexzander, Harrison, Alexzander.Harrison@icloud.com, 5833272779
Asa, Sharp, Asa.Sharp@yahoo.ca, 9489438834
Hana, Melton, Hana.Melton@yahoo.se, 4544497763
Danica, Mueller, Danica.Mueller@yahoo.com, 6656041732
Sidney, Humphrey, Sidney.Humphrey@hotmail.com, 8330930339
Camilla, Martin, Camilla.Martin@optonline.net, 9729556532
Kaiden, Espinoza, Kaiden.Espinoza@outlook.com, 3050206720
Thalia, Carr, Thalia.Carr@me.net, 3050206720
Lewis, Parsons, Lewis.Parsons@me.net, 4521957829
Kinsley, Lowery, Kinsley.Lowery@companytwo.se, 4577730254
Lukas, Christian, Lukas.Christian@companytwo.se, 0834104932
Phoebe, Mueller, Phoebe.Mueller@companytwo.se, 6643532536
Cailyn, Larson, Cailyn.Larson@companytwo.se, 6394213187
Sophia, Gallegos, Sophia.Gallegos@icloud.com, 3568885409
Callie, Wilkerson, Callie.Wilkerson@gmail.com, 2820208126
Cayden, Compton, Cayden.Compton@gmail.com, 1785000978
Keon, Marshall, Keon.Marshall@mac.com, 8230058327
Jayleen, Mahoney, brickbat@mac.com, 1530293915
Erick, Howell, fmtbebuck@hotmail.com, 5783077070
Quinton, Kaiser, msherr@msn.com, 5555778648
Mariyah, Fleming, Mariyah.Fleming@company.com, 0604942209
Anahi, Kennedy, Anahi.Kennedy@company.com, 0523345560
Rodney, Vega, Rodney.Vega@company.com, 1616662868
Jaylon, Berger, Jaylon.Berger@company.com, 2661211031
Aedan, Bowman, Aedan.Bowman@company.com, 5429281353
Elliot, Nolan, Elliot.Nolan@hotmail.com, 1350664693
Tessa, Rivas, Tessa.Rivas@hotmail.com, 3806472805
Broderick, Wood, Broderick.Wood@hotmail.com, 9661307362
Alyssa, Shepherd, Alyssa.Shepherd@outlook.com, 3370687270
Aubrie, Briggs, Aubrie.Briggs@outlook.com, 5202363769
Anastasia, Dillon, Anastasia.Dillon@outlook.com, 0567973470
Eileen, Hays, Eileen.Hays@outlook.com, 1616662868
